parent_id,full_name,email,gender,role_in_church,department_in_church,phone_number,secondary_phone_number,address
1,Elizabeth Miller,elizabeth.miller@gmail.com,Male,Choir Member,Administration,12312159019,11243647090,882 Maple St
2,Michael Brown,michael.brown@churchmail.org,Female,Member,Administration,14816990374,,535 Pine Rd
3,Elizabeth Williams,,Female,Volunteer,,,17967223712,389 Maple St
4,Robert Smith,robert.smith@churchmail.org,Female,Volunteer,Finance,12656286246,11602170335,668 Oak Ave
5,Alice Martinez,alice.martinez@churchmail.org,Female,Volunteer,Youth,12377660468,14366164009,493 Cedar Ln
6,John Rodriguez,john.rodriguez@yahoo.com,Female,Elder,Finance,16587480347,12843432050,174 Cedar Ln
7,Robert Johnson,robert.johnson@churchmail.org,Male,Deacon,Finance,15642944343,12823165156,74 Elm St
8,Michael Rodriguez,michael.rodriguez@yahoo.com,Male,Deacon,Youth,16728215271,18002958765,888 Oak Ave
9,Michael Brown,,Female,Member,Choir,12790244803,,157 Elm St
10,James Brown,james.brown@churchmail.org,Female,Deacon,Administration,12205209501,,181 Cedar Ln
11,Alice Williams,alice.williams@gmail.com,Male,Usher,Youth,15195641611,11612517665,481 Pine Rd
12,Linda Johnson,linda.johnson@gmail.com,Male,Pastor,Choir,,12824263322,930 Oak Ave
13,Linda Garcia,linda.garcia@yahoo.com,Male,Usher,Administration,13959713436,18464906190,886 Elm St
14,Barbara Smith,barbara.smith@yahoo.com,Male,Volunteer,Choir,12251529731,,790 Pine Rd
15,Alice Johnson,,Female,Member,Choir,19887519537,14582189956,674 Elm St
16,Elizabeth Miller,elizabeth.miller@churchmail.org,Female,Pastor,Youth,18294708866,,618 Birch Rd
17,Barbara Garcia,barbara.garcia@gmail.com,Male,Elder,Choir,18028887233,,681 Maple St
18,Mary Miller,mary.miller@yahoo.com,Male,Volunteer,Finance,12090373532,,448 Pine Rd
19,John Smith,john.smith@outlook.com,Female,Elder,Choir,11911116608,11383467443,866 Oak Ave
20,Mary Davis,mary.davis@gmail.com,Male,Deacon,Sunday School,15851956439,,554 Pine Rd
21,James Smith,james.smith@yahoo.com,Female,Deacon,Choir,12530660396,19923228689,184 Maple St
22,James Williams,james.williams@gmail.com,Male,Member,,17543079516,15679167285,924 Elm St
23,Michael Williams,michael.williams@yahoo.com,Male,Choir Member,Youth,17952920131,11979780923,234 Maple St
24,Linda Martinez,,Male,Pastor,Administration,11992001423,12204869060,387 Birch Rd
25,William Jones,william.jones@yahoo.com,Male,Pastor,Sunday School,11551539495,,389 Elm St
26,Barbara Miller,barbara.miller@yahoo.com,Male,Pastor,Youth,12397669434,19659308792,380 Elm St
27,William Williams,william.williams@outlook.com,Female,Choir Member,,18867633143,13314484568,118 Cedar Ln
28,Robert Smith,robert.smith@churchmail.org,Female,Choir Member,Administration,16603345490,14670076312,492 Oak Ave
29,Mary Rodriguez,mary.rodriguez@outlook.com,Male,Deacon,Finance,13016504565,19259745787,899 Oak Ave
30,William Garcia,william.garcia@outlook.com,Female,Choir Member,Administration,18105927324,11848977001,851 Birch Rd
31,James Davis,james.davis@outlook.com,Female,Choir Member,Youth,,16772204748,521 Pine Rd
32,Linda Davis,linda.davis@outlook.com,Female,Choir Member,Evangelism,17327119138,12277783262,149 Pine Rd
33,Michael Garcia,michael.garcia@churchmail.org,Female,Member,Choir,15270214047,17046072926,957 Elm St
34,James Smith,james.smith@outlook.com,Female,Elder,Administration,11597582579,,540 Pine Rd
35,John Miller,john.miller@churchmail.org,Male,Elder,Evangelism,19682667816,11654597017,363 Cedar Ln
36,Elizabeth Garcia,elizabeth.garcia@churchmail.org,Male,Member,Sunday School,11915017488,,360 Cedar Ln
37,William Miller,william.miller@gmail.com,Female,Volunteer,Youth,13873693138,,615 Elm St
38,John Jones,john.jones@churchmail.org,Male,Member,Youth,19840675156,15944554751,556 Elm St
39,Michael Smith,michael.smith@gmail.com,Female,Choir Member,Sunday School,16366253160,,271 Cedar Ln
40,Robert Davis,robert.davis@outlook.com,Male,Pastor,,12708189953,14931625979,489 Maple St
41,John Williams,john.williams@yahoo.com,Female,Usher,Finance,12708924087,,476 Maple St
42,Alice Davis,alice.davis@gmail.com,Female,Usher,Sunday School,,,62 Pine Rd
43,Elizabeth Brown,elizabeth.brown@churchmail.org,Male,Volunteer,Finance,19154692994,,976 Elm St
44,William Brown,william.brown@yahoo.com,Female,Choir Member,Youth,12021237378,,719 Maple St
45,Michael Jones,michael.jones@yahoo.com,Male,Elder,,13384284709,18364996579,660 Birch Rd
46,Michael Brown,michael.brown@gmail.com,Male,Elder,Evangelism,14666457620,,503 Birch Rd
47,Linda Davis,linda.davis@outlook.com,Female,Elder,Youth,15453430900,,596 Elm St
48,Mary Jones,mary.jones@gmail.com,Male,Volunteer,Administration,18770845755,18440029065,378 Birch Rd
49,Robert Brown,robert.brown@outlook.com,Male,Pastor,,17698658098,,772 Maple St
50,Alice Rodriguez,alice.rodriguez@churchmail.org,Male,Member,Sunday School,,16494596994,131 Oak Ave
51,Barbara Smith,barbara.smith@outlook.com,Female,Pastor,Youth,14188204063,,157 Maple St
52,Mary Rodriguez,mary.rodriguez@gmail.com,Male,Elder,Administration,18789589859,11642527131,738 Elm St
53,Linda Davis,linda.davis@outlook.com,Female,Choir Member,Sunday School,19925641546,19958675781,978 Oak Ave
54,Alice Williams,alice.williams@churchmail.org,Male,Deacon,Administration,16764049746,14802428897,207 Oak Ave
55,Michael Miller,michael.miller@churchmail.org,Male,Usher,Sunday School,15282642115,,436 Cedar Ln
56,William Smith,william.smith@gmail.com,Male,Volunteer,Choir,19699679369,,155 Pine Rd
57,John Williams,john.williams@yahoo.com,Male,Pastor,Finance,18365501037,,914 Cedar Ln
58,Alice Smith,alice.smith@yahoo.com,Male,Volunteer,Youth,14373889175,,531 Elm St
59,Robert Smith,robert.smith@outlook.com,Male,Deacon,,13490036027,14432366525,362 Birch Rd
60,Elizabeth Garcia,elizabeth.garcia@yahoo.com,Male,Member,Administration,12864712708,,337 Maple St
61,Michael Rodriguez,michael.rodriguez@gmail.com,Male,Member,Youth,14209185191,,650 Birch Rd
62,Linda Brown,linda.brown@outlook.com,Male,Pastor,Evangelism,14004711402,,534 Birch Rd
63,Barbara Garcia,,Female,Pastor,Administration,17655252572,,633 Elm St
64,Linda Davis,linda.davis@yahoo.com,Female,Pastor,Sunday School,14117976076,14106303694,113 Maple St
65,John Miller,john.miller@churchmail.org,Female,Member,Evangelism,16697523008,14142422322,532 Cedar Ln
66,Elizabeth Miller,elizabeth.miller@outlook.com,Female,Choir Member,Choir,19359539400,,866 Cedar Ln
67,Robert Miller,robert.miller@churchmail.org,Female,Pastor,Choir,19494814927,,225 Elm St
68,John Smith,john.smith@outlook.com,Male,Volunteer,Finance,12947846771,,139 Oak Ave
69,Robert Johnson,robert.johnson@churchmail.org,Female,Member,Choir,11101672459,11952358401,953 Birch Rd
70,Elizabeth Jones,elizabeth.jones@churchmail.org,Female,Deacon,Youth,11449907076,,324 Pine Rd
71,Barbara Martinez,barbara.martinez@gmail.com,Female,Choir Member,Choir,11496734205,19237228689,605 Birch Rd
72,Elizabeth Brown,elizabeth.brown@churchmail.org,Female,Pastor,Administration,16096705829,,470 Maple St
73,John Davis,john.davis@gmail.com,Female,Pastor,Evangelism,17366344557,18266405901,302 Maple St
74,James Martinez,james.martinez@outlook.com,Female,Usher,Youth,14582166550,,912 Pine Rd
75,Robert Johnson,robert.johnson@outlook.com,Male,Pastor,Finance,18219124246,14859514997,495 Oak Ave
76,William Miller,william.miller@yahoo.com,Female,Elder,Administration,15340822916,,922 Maple St
77,Michael Smith,michael.smith@yahoo.com,Male,Usher,Choir,17098239742,12442066643,845 Birch Rd
78,Linda Brown,linda.brown@churchmail.org,Male,Member,Evangelism,15491932709,19596300711,240 Oak Ave
79,William Rodriguez,william.rodriguez@churchmail.org,Female,Usher,Youth,13691290801,,312 Oak Ave
80,Mary Garcia,mary.garcia@yahoo.com,Female,Elder,Finance,13821036099,,715 Birch Rd
81,John Jones,john.jones@gmail.com,Male,Deacon,Youth,13050427590,12516250678,567 Pine Rd
82,Mary Williams,mary.williams@gmail.com,Male,Deacon,Sunday School,19749253573,,869 Birch Rd
83,John Smith,john.smith@churchmail.org,Male,Volunteer,Youth,19082737028,11441841466,275 Pine Rd
84,William Smith,william.smith@outlook.com,Female,Choir Member,Youth,17952293685,15525101330,45 Birch Rd
85,Linda Williams,linda.williams@churchmail.org,Female,Deacon,Finance,18731317910,19700434113,597 Pine Rd
86,Robert Miller,robert.miller@outlook.com,Male,Volunteer,,14369549530,13622377068,802 Pine Rd
87,Michael Garcia,michael.garcia@churchmail.org,Female,Volunteer,Youth,13205871019,19484784612,570 Birch Rd
88,John Garcia,john.garcia@gmail.com,Male,Choir Member,Sunday School,18677963781,,338 Maple St
89,Michael Garcia,michael.garcia@gmail.com,Male,Member,Evangelism,14353082745,,353 Pine Rd
90,Mary Martinez,mary.martinez@outlook.com,Male,Deacon,Choir,16574988998,12255203152,564 Maple St
91,Linda Brown,linda.brown@outlook.com,Male,Pastor,Evangelism,19354372388,11134885522,948 Maple St
92,Michael Rodriguez,michael.rodriguez@gmail.com,Female,Pastor,Youth,13557590555,,338 Elm St
93,Michael Rodriguez,michael.rodriguez@outlook.com,Female,Volunteer,Administration,,,707 Oak Ave
94,Linda Johnson,linda.johnson@outlook.com,Female,Volunteer,Sunday School,13433437678,18370366003,936 Pine Rd
95,John Smith,,Female,Choir Member,Youth,11799352329,14876004815,192 Elm St
96,Barbara Rodriguez,barbara.rodriguez@yahoo.com,Female,Member,,18642786974,,12 Birch Rd
97,Alice Smith,alice.smith@outlook.com,Female,Elder,Choir,,17330126975,726 Cedar Ln
98,Linda Brown,linda.brown@yahoo.com,Female,Usher,Finance,17963747769,,598 Cedar Ln
99,James Davis,james.davis@gmail.com,Female,Deacon,Finance,15648938038,18004585425,255 Birch Rd
100,Linda Garcia,linda.garcia@churchmail.org,Female,Pastor,Youth,14256298724,,688 Maple St
101,James Brown,james.brown@gmail.com,Male,Elder,Youth,19359099193,13092070743,471 Elm St
102,William Rodriguez,william.rodriguez@yahoo.com,Female,Elder,Evangelism,,13506960981,541 Pine Rd
103,Elizabeth Brown,elizabeth.brown@yahoo.com,Female,Usher,Choir,18278266273,18779023846,671 Maple St
104,Michael Miller,michael.miller@yahoo.com,Male,Choir Member,,18668196366,,830 Maple St
105,Barbara Brown,barbara.brown@gmail.com,Male,Member,Choir,13115351361,18007221794,898 Birch Rd
106,Alice Miller,alice.miller@gmail.com,Male,Choir Member,Sunday School,14024151355,19981251427,258 Cedar Ln
107,William Brown,william.brown@churchmail.org,Female,Member,Administration,17855598905,12488065411,283 Elm St
108,Barbara Jones,barbara.jones@yahoo.com,Female,Member,Youth,17059716751,,312 Elm St
109,John Jones,john.jones@outlook.com,Male,Volunteer,Finance,14496988667,,322 Pine Rd
110,Robert Smith,robert.smith@outlook.com,Female,Member,Evangelism,16248579840,17031662557,717 Maple St
111,William Smith,william.smith@gmail.com,Female,Usher,,14774742498,17505200133,566 Cedar Ln
112,William Smith,william.smith@yahoo.com,Female,Volunteer,Evangelism,19652653467,,208 Elm St
113,Robert Davis,robert.davis@outlook.com,Male,Choir Member,Choir,19180574229,12954893180,218 Elm St
114,Robert Miller,robert.miller@yahoo.com,Male,Deacon,Sunday School,17753077244,11558391087,264 Oak Ave
115,John Jones,,Male,Usher,Evangelism,17960527330,11327093899,111 Maple St
116,Elizabeth Brown,,Female,Volunteer,Choir,14554502308,,375 Elm St
117,Linda Jones,linda.jones@churchmail.org,Female,Pastor,Finance,16424260879,,896 Pine Rd
118,Michael Smith,michael.smith@outlook.com,Male,Volunteer,Sunday School,14190668043,,350 Maple St
119,Barbara Johnson,barbara.johnson@churchmail.org,Female,Member,Sunday School,16106763603,,547 Elm St
120,Robert Garcia,robert.garcia@yahoo.com,Female,Volunteer,Evangelism,15696318042,15721958028,909 Elm St
121,John Martinez,john.martinez@gmail.com,Male,Volunteer,Youth,17194057476,13680266652,82 Birch Rd
122,John Rodriguez,john.rodriguez@yahoo.com,Male,Pastor,Evangelism,15484008205,,105 Birch Rd
123,Mary Jones,mary.jones@yahoo.com,Male,Usher,Choir,14269827725,,996 Maple St
124,James Johnson,james.johnson@churchmail.org,Female,Elder,Administration,15639443540,,210 Elm St
125,Alice Garcia,alice.garcia@gmail.com,Female,Elder,Sunday School,17125361563,,988 Birch Rd
126,Robert Johnson,robert.johnson@yahoo.com,Female,Usher,Choir,16209393530,,212 Elm St
127,Mary Jones,mary.jones@gmail.com,Male,Usher,Choir,14194616181,12439002212,152 Oak Ave
128,Michael Williams,michael.williams@yahoo.com,Female,Elder,Finance,16652475800,,213 Cedar Ln
129,Alice Brown,alice.brown@yahoo.com,Male,Pastor,Youth,13591796709,,792 Maple St
130,Barbara Brown,barbara.brown@churchmail.org,Female,Volunteer,Administration,17529941834,,955 Birch Rd
131,Mary Williams,,Male,Member,Evangelism,14171044294,17761676369,837 Maple St
132,James Davis,james.davis@outlook.com,Female,Elder,Administration,14118816120,19615397897,34 Maple St
133,Robert Miller,robert.miller@yahoo.com,Female,Choir Member,,19776911670,,368 Maple St
134,Elizabeth Miller,elizabeth.miller@gmail.com,Male,Pastor,Finance,11380754591,,405 Cedar Ln
135,William Johnson,william.johnson@yahoo.com,Female,Elder,Sunday School,,16462943742,199 Elm St
136,William Rodriguez,william.rodriguez@churchmail.org,Female,Deacon,Evangelism,16418804119,17518855031,365 Cedar Ln
137,Michael Garcia,michael.garcia@outlook.com,Male,Volunteer,,19299534758,16733312163,868 Pine Rd
138,Mary Davis,mary.davis@outlook.com,Female,Member,Youth,18411106047,,126 Maple St
139,John Garcia,john.garcia@yahoo.com,Female,Elder,Finance,16029613509,19407543292,745 Birch Rd
140,John Martinez,john.martinez@yahoo.com,Female,Choir Member,Finance,13039037939,16765771590,69 Birch Rd
141,Alice Brown,alice.brown@yahoo.com,Male,Elder,Finance,17376781255,,963 Oak Ave
142,Linda Martinez,linda.martinez@yahoo.com,Female,Choir Member,,13223255666,,281 Pine Rd
143,Elizabeth Garcia,elizabeth.garcia@outlook.com,Female,Pastor,,18484627621,,349 Oak Ave
144,Elizabeth Miller,elizabeth.miller@yahoo.com,Male,Member,Finance,14295375715,,724 Pine Rd
145,John Jones,john.jones@outlook.com,Male,Deacon,Sunday School,13606199336,,237 Cedar Ln
146,Mary Rodriguez,mary.rodriguez@outlook.com,Male,Elder,Sunday School,16305279686,,779 Pine Rd
147,Alice Smith,alice.smith@gmail.com,Male,Choir Member,Sunday School,12241689262,12298986527,129 Oak Ave
148,Elizabeth Rodriguez,elizabeth.rodriguez@gmail.com,Female,Volunteer,Choir,17061803830,15102954676,416 Elm St
149,Barbara Miller,barbara.miller@gmail.com,Female,Member,Administration,18679347664,,560 Oak Ave
150,Michael Johnson,michael.johnson@churchmail.org,Male,Member,Evangelism,13223712442,,631 Pine Rd
151,Barbara Martinez,barbara.martinez@churchmail.org,Female,Volunteer,Choir,12690339850,11234880191,619 Maple St
152,Robert Martinez,robert.martinez@churchmail.org,Female,Choir Member,Evangelism,18291683707,,88 Maple St
153,Alice Rodriguez,alice.rodriguez@yahoo.com,Female,Volunteer,Administration,11119066295,14164302133,780 Elm St
154,Elizabeth Smith,elizabeth.smith@gmail.com,Male,Volunteer,Finance,12016684989,16808469016,232 Oak Ave
155,William Miller,william.miller@outlook.com,Female,Deacon,Sunday School,16326535295,,422 Maple St
156,William Miller,,Female,Choir Member,Finance,11524131429,14544946518,350 Cedar Ln
157,Robert Williams,robert.williams@yahoo.com,Male,Choir Member,Finance,14425627616,15462854103,22 Birch Rd
158,Barbara Davis,barbara.davis@outlook.com,Female,Elder,Choir,15934644486,12993187902,663 Oak Ave
159,Robert Miller,robert.miller@gmail.com,Female,Usher,,16327686478,16439617194,109 Birch Rd
160,William Johnson,william.johnson@yahoo.com,Female,Elder,Finance,16647097671,,894 Maple St
161,Alice Miller,alice.miller@gmail.com,Male,Elder,Choir,13010812739,,76 Cedar Ln
162,Barbara Miller,barbara.miller@outlook.com,Male,Pastor,,13750750763,,296 Pine Rd
163,Mary Jones,mary.jones@outlook.com,Female,Elder,Youth,18174626432,,396 Pine Rd
164,Alice Johnson,alice.johnson@churchmail.org,Male,Choir Member,,15467105746,,385 Birch Rd
165,Mary Johnson,mary.johnson@churchmail.org,Male,Volunteer,Administration,19123778813,,176 Oak Ave
166,Barbara Rodriguez,barbara.rodriguez@gmail.com,Female,Pastor,Administration,11573117015,12441437726,307 Maple St
167,Mary Garcia,mary.garcia@churchmail.org,Male,Elder,Evangelism,15890791291,,64 Oak Ave
168,William Davis,william.davis@outlook.com,Female,Choir Member,Youth,14738735412,,41 Elm St
169,William Johnson,william.johnson@gmail.com,Female,Deacon,Finance,19132650901,,932 Cedar Ln
170,Michael Rodriguez,michael.rodriguez@outlook.com,Male,Member,Sunday School,16522481846,19633825494,419 Maple St
171,William Jones,william.jones@yahoo.com,Male,Volunteer,Youth,18464372775,,95 Elm St
172,William Miller,william.miller@gmail.com,Female,Pastor,Youth,17623161868,,41 Birch Rd
173,Linda Williams,linda.williams@churchmail.org,Male,Deacon,,11800482445,13107511525,363 Pine Rd
174,Linda Johnson,linda.johnson@churchmail.org,Female,Choir Member,Youth,16482848679,11331786689,567 Elm St
175,Barbara Davis,barbara.davis@churchmail.org,Female,Choir Member,Youth,14657014969,11362574718,220 Cedar Ln
176,Elizabeth Williams,elizabeth.williams@yahoo.com,Female,Deacon,Evangelism,17592037843,17873063243,639 Maple St
177,Linda Miller,linda.miller@yahoo.com,Female,Pastor,Finance,18825368606,,439 Pine Rd
178,Elizabeth Davis,elizabeth.davis@churchmail.org,Male,Usher,Choir,19596353585,,14 Pine Rd
179,Mary Martinez,mary.martinez@outlook.com,Male,Pastor,Administration,17373641497,,232 Birch Rd
180,Linda Jones,linda.jones@outlook.com,Male,Volunteer,Evangelism,12373070986,,936 Elm St
181,Linda Brown,linda.brown@churchmail.org,Male,Member,Finance,14319062328,19162541212,507 Elm St
182,James Davis,james.davis@outlook.com,Female,Elder,Administration,14099807902,,111 Birch Rd
183,Linda Rodriguez,,Female,Volunteer,,15276583791,,569 Maple St
184,William Smith,william.smith@outlook.com,Female,Choir Member,Choir,17381055669,15214503352,904 Birch Rd
185,Alice Smith,,Female,Member,Evangelism,14451421050,19302946161,236 Cedar Ln
186,John Smith,john.smith@yahoo.com,Male,Pastor,Choir,16336480077,18257612015,558 Birch Rd
187,Barbara Johnson,barbara.johnson@churchmail.org,Female,Usher,Choir,14057225888,16811055754,314 Oak Ave
188,Alice Brown,alice.brown@gmail.com,Female,Volunteer,Choir,14387537780,12302934519,988 Maple St
189,Linda Smith,linda.smith@outlook.com,Female,Deacon,Choir,11330460313,,917 Oak Ave
190,William Garcia,william.garcia@gmail.com,Female,Elder,Administration,16217734117,14533728395,920 Elm St
191,Alice Miller,alice.miller@churchmail.org,Female,Volunteer,Sunday School,18408946995,14648174738,782 Cedar Ln
192,Robert Johnson,robert.johnson@outlook.com,Male,Volunteer,Administration,11678356459,11174696109,587 Elm St
193,John Smith,,Female,Choir Member,Sunday School,,18974692400,711 Oak Ave
194,Barbara Jones,barbara.jones@outlook.com,Male,Usher,Youth,15192398987,,176 Maple St
195,Elizabeth Garcia,elizabeth.garcia@outlook.com,Male,Volunteer,Choir,17692979607,,969 Birch Rd
196,Mary Garcia,,Male,Choir Member,Sunday School,17634131113,,812 Maple St
197,James Martinez,james.martinez@outlook.com,Male,Elder,Sunday School,14502314381,13368112604,547 Cedar Ln
198,Barbara Miller,barbara.miller@churchmail.org,Female,Deacon,Sunday School,11887508695,,74 Pine Rd
199,James Williams,james.williams@churchmail.org,Male,Elder,Sunday School,13099084860,16441663021,390 Cedar Ln
200,Elizabeth Johnson,elizabeth.johnson@outlook.com,Male,Deacon,Evangelism,18953817557,,117 Pine Rd
201,John Rodriguez,john.rodriguez@gmail.com,Female,Deacon,Finance,16460535294,15247194382,147 Elm St
202,Elizabeth Davis,,Male,Member,Finance,18416102646,,541 Pine Rd
203,Robert Davis,robert.davis@gmail.com,Female,Member,Choir,11764918945,19455727419,532 Pine Rd
204,William Jones,william.jones@yahoo.com,Male,Elder,Finance,13886261185,,49 Birch Rd
205,Barbara Brown,barbara.brown@churchmail.org,Female,Choir Member,Administration,13540087796,,899 Maple St
206,Barbara Davis,barbara.davis@gmail.com,Male,Deacon,Finance,15528092046,,635 Birch Rd
207,William Davis,william.davis@churchmail.org,Female,Choir Member,Choir,15884052651,,591 Oak Ave
208,Michael Rodriguez,michael.rodriguez@gmail.com,Female,Pastor,Administration,14909398554,,232 Elm St
209,Alice Williams,alice.williams@gmail.com,Female,Volunteer,Youth,14623992164,,129 Maple St
210,Alice Jones,alice.jones@gmail.com,Male,Volunteer,Evangelism,14597444073,16200191157,619 Cedar Ln
211,William Jones,william.jones@outlook.com,Male,Pastor,Evangelism,11871531436,,604 Oak Ave
212,Linda Johnson,linda.johnson@gmail.com,Female,Usher,Sunday School,12752296615,,86 Elm St
213,Michael Martinez,michael.martinez@churchmail.org,Male,Choir Member,Finance,13073748392,,90 Elm St
214,John Rodriguez,john.rodriguez@churchmail.org,Female,Pastor,Sunday School,14248647551,14663690049,125 Maple St
215,Alice Davis,alice.davis@gmail.com,Male,Deacon,Finance,17963879724,,50 Pine Rd
216,Alice Williams,alice.williams@yahoo.com,Female,Member,Sunday School,12333026009,18744088183,384 Pine Rd
217,Linda Martinez,linda.martinez@outlook.com,Male,Usher,,11894407871,15001411872,546 Elm St
218,William Williams,william.williams@churchmail.org,Male,Volunteer,Administration,16507724052,15655381163,660 Elm St
219,Linda Brown,linda.brown@outlook.com,Female,Pastor,,14220285056,13055281544,558 Birch Rd
220,Mary Brown,mary.brown@gmail.com,Male,Choir Member,Youth,19499901261,19857388723,616 Elm St
221,John Rodriguez,john.rodriguez@gmail.com,Male,Volunteer,Finance,17908313550,18834590144,693 Pine Rd
222,Linda Johnson,linda.johnson@yahoo.com,Female,Choir Member,Finance,14144890895,,804 Elm St
223,Michael Miller,,Female,Pastor,Youth,19523234944,16204255375,540 Oak Ave
224,John Martinez,john.martinez@churchmail.org,Female,Member,Youth,12706785115,11285056253,68 Elm St
225,James Garcia,james.garcia@churchmail.org,Male,Deacon,Finance,11872359572,,799 Elm St
226,Linda Jones,linda.jones@outlook.com,Male,Deacon,Sunday School,14973042410,,643 Cedar Ln
227,James Rodriguez,james.rodriguez@yahoo.com,Female,Choir Member,Evangelism,13151104966,17810527114,442 Birch Rd
228,Mary Martinez,mary.martinez@yahoo.com,Male,Elder,Administration,13069728600,,403 Cedar Ln
229,John Johnson,john.johnson@yahoo.com,Female,Usher,Sunday School,15322084109,,864 Elm St
230,John Martinez,john.martinez@churchmail.org,Male,Volunteer,Youth,18729637651,13651172314,593 Oak Ave
231,Mary Martinez,mary.martinez@gmail.com,Female,Elder,Youth,13985835761,16281711308,674 Maple St
232,Linda Davis,linda.davis@churchmail.org,Male,Member,Administration,11839443762,,734 Maple St
233,William Brown,william.brown@outlook.com,Female,Pastor,Evangelism,13052323261,18504236618,297 Birch Rd
234,Barbara Smith,barbara.smith@gmail.com,Female,Volunteer,Sunday School,,17699760437,278 Birch Rd
235,Barbara Davis,barbara.davis@outlook.com,Male,Volunteer,Sunday School,16355486996,15131266606,406 Maple St
236,John Miller,john.miller@gmail.com,Male,Member,Evangelism,14188014030,,389 Oak Ave
237,William Johnson,william.johnson@churchmail.org,Female,Member,Youth,14573255123,,137 Maple St
238,James Miller,james.miller@yahoo.com,Female,Choir Member,Youth,19298260655,,522 Maple St
239,John Davis,john.davis@gmail.com,Female,Volunteer,,15441446554,,676 Maple St
240,Robert Brown,robert.brown@yahoo.com,Male,Deacon,Choir,14145943509,,427 Elm St
241,John Jones,john.jones@outlook.com,Male,Choir Member,Choir,17620031278,,445 Oak Ave
242,Linda Miller,linda.miller@yahoo.com,Male,Elder,Administration,14690575327,,688 Elm St
243,Robert Davis,,Male,Usher,Finance,17909476082,17772013760,314 Pine Rd
244,Mary Johnson,mary.johnson@yahoo.com,Male,Pastor,Evangelism,19569878176,,214 Cedar Ln
245,James Jones,james.jones@yahoo.com,Female,Pastor,Sunday School,15201141496,15478563295,139 Cedar Ln
246,Barbara Martinez,barbara.martinez@gmail.com,Female,Volunteer,Evangelism,12498460439,,641 Elm St
247,William Brown,william.brown@outlook.com,Male,Pastor,Finance,11676560199,,42 Pine Rd
248,Mary Jones,mary.jones@churchmail.org,Male,Deacon,Youth,19732483048,14950163102,255 Oak Ave
249,Elizabeth Johnson,elizabeth.johnson@churchmail.org,Female,Volunteer,Choir,16084124443,15312501961,817 Pine Rd
250,William Williams,william.williams@yahoo.com,Male,Pastor,Evangelism,18915611365,,232 Cedar Ln
251,Michael Smith,michael.smith@yahoo.com,Male,Usher,Choir,19799627178,13239220107,293 Oak Ave
252,William Davis,william.davis@churchmail.org,Male,Pastor,Sunday School,14502649706,,124 Oak Ave
253,Barbara Williams,barbara.williams@yahoo.com,Male,Pastor,Sunday School,13039302456,,131 Oak Ave
254,Robert Martinez,robert.martinez@gmail.com,Female,Member,Administration,16379911725,,655 Cedar Ln
255,William Garcia,william.garcia@churchmail.org,Male,Deacon,Administration,15279760451,18317978857,867 Birch Rd
256,Linda Smith,linda.smith@gmail.com,Male,Member,Choir,14545993010,18795592731,483 Elm St
257,Mary Miller,,Female,Elder,Administration,18424907048,,114 Cedar Ln
258,James Smith,james.smith@yahoo.com,Male,Elder,Administration,12185961208,19456385335,424 Elm St
259,James Davis,james.davis@churchmail.org,Male,Choir Member,Finance,17004000536,,806 Oak Ave
260,William Davis,william.davis@outlook.com,Male,Elder,Sunday School,15705223262,19916672744,746 Cedar Ln
261,Barbara Johnson,barbara.johnson@outlook.com,Female,Pastor,Evangelism,15560150137,14440785430,458 Cedar Ln
262,Linda Brown,linda.brown@outlook.com,Male,Member,Evangelism,15038293628,,715 Pine Rd
263,James Johnson,james.johnson@outlook.com,Female,Usher,,11040258274,,935 Birch Rd
264,Alice Garcia,alice.garcia@gmail.com,Male,Choir Member,,17564726218,11632360785,399 Maple St
265,Linda Martinez,linda.martinez@churchmail.org,Male,Deacon,Sunday School,14365340802,,308 Oak Ave
266,Robert Martinez,robert.martinez@churchmail.org,Female,Pastor,Youth,11968609892,,800 Maple St
267,Alice Martinez,alice.martinez@outlook.com,Female,Choir Member,Choir,,12045323387,374 Maple St
268,Michael Garcia,michael.garcia@gmail.com,Male,Pastor,Administration,11735865391,13558652602,377 Birch Rd
269,Robert Garcia,robert.garcia@gmail.com,Male,Member,Evangelism,18308670222,,592 Maple St
270,John Johnson,john.johnson@yahoo.com,Female,Pastor,,,14742552704,551 Cedar Ln
271,Elizabeth Smith,elizabeth.smith@yahoo.com,Female,Deacon,Evangelism,17481676054,,832 Birch Rd
272,Michael Brown,michael.brown@outlook.com,Male,Elder,Choir,15470100429,,509 Elm St
273,Linda Smith,linda.smith@outlook.com,Female,Choir Member,Finance,16638848549,16308838571,941 Maple St
274,James Martinez,,Female,Member,Finance,18469071728,,675 Pine Rd
275,Mary Davis,mary.davis@churchmail.org,Male,Usher,Evangelism,18002967490,13165743298,778 Elm St
276,James Smith,james.smith@yahoo.com,Female,Usher,,17651289410,18779661837,611 Elm St
277,William Garcia,william.garcia@churchmail.org,Male,Pastor,,14939407346,11808036752,885 Birch Rd
278,John Garcia,john.garcia@gmail.com,Male,Member,Administration,17522604432,,350 Oak Ave
279,James Williams,james.williams@outlook.com,Male,Volunteer,Evangelism,18921185673,,609 Maple St
280,Linda Williams,linda.williams@gmail.com,Female,Volunteer,Sunday School,11346757394,,205 Oak Ave
281,Robert Brown,robert.brown@churchmail.org,Male,Choir Member,Finance,17834698185,,225 Cedar Ln
282,John Smith,john.smith@outlook.com,Female,Deacon,Choir,17872327732,,261 Birch Rd
283,James Smith,james.smith@gmail.com,Male,Usher,Evangelism,13104458890,11013949984,804 Elm St
284,James Jones,james.jones@yahoo.com,Male,Pastor,Administration,14885229711,16604564345,823 Oak Ave
285,Barbara Williams,barbara.williams@churchmail.org,Female,Member,Evangelism,18133622026,,764 Elm St
286,Barbara Rodriguez,barbara.rodriguez@churchmail.org,Female,Volunteer,Sunday School,13158664803,,586 Oak Ave
287,Linda Miller,linda.miller@churchmail.org,Male,Deacon,Choir,11877278325,,418 Pine Rd
288,William Miller,william.miller@churchmail.org,Female,Choir Member,Youth,13868726522,,598 Elm St
289,Linda Rodriguez,,Male,Choir Member,Youth,17006465608,16089734288,498 Elm St
290,Alice Rodriguez,alice.rodriguez@yahoo.com,Female,Deacon,Evangelism,16421646501,,382 Pine Rd
291,Robert Brown,robert.brown@yahoo.com,Female,Choir Member,Evangelism,16379296721,14776131974,934 Birch Rd
292,Linda Rodriguez,linda.rodriguez@yahoo.com,Female,Choir Member,Youth,18519690197,12393698474,714 Oak Ave
293,James Davis,james.davis@gmail.com,Male,Member,Youth,11000576798,,232 Pine Rd
294,Linda Williams,linda.williams@outlook.com,Male,Pastor,Youth,17766091300,16947672261,544 Maple St
295,Barbara Martinez,barbara.martinez@gmail.com,Male,Member,Finance,12090364802,,378 Maple St
296,Michael Rodriguez,michael.rodriguez@churchmail.org,Male,Deacon,Evangelism,17533969013,19954102237,969 Elm St
297,Mary Rodriguez,mary.rodriguez@yahoo.com,Male,Deacon,Sunday School,16891676552,,88 Elm St
298,Barbara Williams,barbara.williams@outlook.com,Female,Usher,Administration,17005695637,,721 Elm St
299,John Rodriguez,john.rodriguez@churchmail.org,Male,Choir Member,Sunday School,15384916695,,271 Elm St
300,James Williams,james.williams@yahoo.com,Male,Pastor,Finance,16455869309,,714 Cedar Ln
